code_uic;gare;guichet_adapte_pmr;boucle_magnetique;portes_automatiques_acces;bandes_eveil_vigilance;automates_transilien_accessibles;cab_passage_elargi_controle;ascenceurs;escaliers_mecaniques
87271460;AEROPORT CHARLES DE GAULLE  1 - Roissy;1;1;1;1;1;2;2;6
87070902;AEROPORT D'ORLY OUEST;;;;;;;;
87381491;ANDRESY;0;1;0;0;0;Pas de CAB;0;
87545251;ATHIS MONS;0;1;0;0;0;Pas de CAB;0;
87758599;AUBER;;;;;;;;
87276543;AUVERS SUR OISE;1;1;0;0;0;Pas de CAB;0;
87543207;AVENUE DU PRESIDENT KENNEDY - Maison de Radio France;0;1;0;1;1;;2;2
87381038;AVENUE FOCH;0;1;0;1;1;;1;1
87684191;BAGNEAUX SUR LOING;0;0;0;1;0;Pas de CAB;0;
87758680;BAGNEUX;;;;;;;;
87276550;BELLOY SAINT-MARTIN;;0;0;0;0;Pas de CAB;0;
87328328;BIBLIOTHEQUE FRANCOIS MITTERRAND;1;1;1;1;1;3;3;9
87393546;BIEVRES;0;1;0;0;0;Pas de CAB;0;
87682518;BOISSISE LE ROI;0;0;0;0;0;Pas de CAB;0;
87545491;BREUILLET VILLAGE;0;1;0;0;0;Pas de CAB;0;
87276451;BRUYERES SUR OISE;0;0;0;0;0;Pas de CAB;0;
87116343;CHAILLY BOISSY LECHATEL;;;;;;;;
87545756;CHATEAUDUN;;;;;;;;
87682146;COMBS LA VILLE QUINCY;1;1;1;1;1;1;0;
87116731;COUILLY SAINT-GERMAIN QUINCY;0;1;0;0;0;Pas de CAB;0;
87382200;COURBEVOIE;0;1;0;0;1;Pas de CAB;0;
87116772;CRECY LA CHAPELLE;0;1;0;0;0;Pas de CAB;0;
87545525;DOURDAN;0;1;0;0;1;Pas de CAB;0;
87393488;DREUX;;;;;;;;
87276394;ECOUEN EZANVILLE;0;1;1;0;1;1;0;
87116327;ESBLY;1;1;1;0;1;Pas de CAB;0;
87681601;ESSONNES ROBINSON;0;0;0;0;0;Pas de CAB;0;
87681387;EVRY COURCOURONNES - Centre;1;1;1;1;1;2;5;8
87113514;GAGNY;1;1;1;1;1;1;2;1
87271023;GARE DU NORD;;;;;;;;
87758656;GENTILLY;;;;;;;;
87545129;GUILLERVAL;0;0;0;0;0;Pas de CAB;0;
87393306;ISSY VAL DE SEINE;1;0;0;0;1;1;2;2
87545301;IVRY SUR SEINE;1;1;1;0;1;1;0;
87430918;JOUY SUR MORIN CHAMPGOULIN;;;;;;;;
87545244;JUVISY;1;1;1;1;1;2;9;1
87116673;LA FERTE MILON;;;;;;;;
87116517;LA FERTE SOUS JOUARRE;0;1;0;1;1;Pas de CAB;0;
87758862;LA HACQUINIERE;;;;;;;;
87164798;LA PLAINE STADE DE FRANCE - Saint-Denis Aubervilliers;1;1;0;1;1;2;2;2
87758185;LA VARENNE CHENNEVIERES;;;;;;;;
87393256;LA VERRIERE;;1;1;0;1;1;0;
87381202;LA VILLETERTRE;;;;;;;;
87113472;LE RAINCY VILLEMOMBLE MONTFERMEIL;1;1;1;1;1;Pas de CAB;0;1
87681247;LE VERT DE MAISONS;1;1;1;1;1;Pas de CAB;0;
87386664;LES CLAIRIERES DE VERNEUIL;1;1;0;0;0;Pas de CAB;0;1
87272146;LES GRESILLONS;0;0;1;0;0;1;0;1
87276238;LES NOUES;;1;0;0;0;Pas de CAB;0;
87386300;LES VALLEES;0;1;1;0;0;Pas de CAB;0;
87382473;L'ETANG LA VILLE;0;0;0;0;0;Pas de CAB;0;
87381210;LIANCOURT SAINT PIERRE;;;;;;;;
87682401;LIVRY SUR SEINE;0;0;0;0;0;Pas de CAB;0;
87758367;LOGNES;;;;;;;;
87116137;LONGUEVILLE;0;0;0;0;0;Pas de CAB;0;
87276253;LOUVRES;1;1;1;;1;1;0;
87758615;LUXEMBOURG;;;;;;;;
87381509;MANTES LA JOLIE;1;1;1;0;1;Pas de CAB;5;5
87383281;MASSY VERRIERES;0;0;0;0;1;Pas de CAB;0;
87681411;MENNECY;0;1;0;0;0;Pas de CAB;0;
87381830;MEULAN HARDRICOURT;0;1;0;0;0;Pas de CAB;0;
87271528;MITRY CLAYE;1;1;1;1;1;1;3;
87332932;MONDESIR;;;;;;;;
87684001;MONTARGIS;;;;;;;;
87682104;MONTGERON CROSNE;1;1;1;1;1;Pas de CAB;0;
87276493;MONTSOULT MAFFLIERS;1;1;1;0;1;1;0;
87681346;ORANGIS BOIS DE L'EPINE;1;1;1;1;1;2;0;
87391003;PARIS MONTPARNASSE (GARE MONTPARNASSE);0;1;1;0;1;Pas de CAB;3;
87384008;PARIS SAINT-LAZARE (GARE SAINT-LAZARE);0;1;0;0;1;Pas de CAB;0;
87393165;PORCHEFONTAINE;1;1;0;0;0;1;0;
87116038;ROISSY EN BRIE;1;1;1;1;1;1;2;1
87415885;ROSNY SUR SEINE;0;1;0;0;0;Pas de CAB;0;
87332957;ROUTE DE MONNERVILLE;;;;;;;;
87758052;RUEIL MALMAISON;;;;;;;;
87545210;SAINTE-GENEVIEVE DES BOIS;0;1;0;0;1;Pas de CAB;0;
87682542;SAINT-FARGEAU;0;0;0;0;0;Pas de CAB;0;
87276402;SAINT-LEU D'ESSERENT;;;;;;;;
87276600;SAINT-LEU LA FORET;;;0;0;1;Pas de CAB;0;
87393843;SAINT-QUENTIN EN YVELINES;0;1;1;0;0;1;0;6
87116368;SAINT-SIMEON;;;;;;;;
87332973;SALLE DES FETES (ANGERVILLE);;;;;;;;
87758706;SCEAUX;;;;;;;;
87276261;SURVILLIERS FOSSES;1;1;1;1;1;1;0;
87381822;THUN LE PARADIS;0;1;0;0;0;Pas de CAB;0;
87381178;US;0;1;0;0;0;Pas de CAB;0;
87730069;VAL D'EUROPE;;;;;;;;
87393538;VAUBOYEN;0;1;0;0;0;Pas de CAB;0;
87682468;VERNOU SUR SEINE;0;0;0;0;0;Pas de CAB;0;
87116749;VILLIERS MONTBARBIN;0;0;0;0;0;Pas de CAB;0;
87758110;VINCENNES;;;;;;;;
87393215;VIROFLAY RIVE GAUCHE;1;1;1;0;1;1;0;3
87381848;ARGENTEUIL;1;1;1;1;1;3;4;0
87381137;ASNIERES SUR SEINE;1;1;1;0;1;Pas de CAB;5;3
87681437;BALLANCOURT;;0;0;0;0;Pas de CAB;0;
87113407;BONDY;0;1;1;1;1;2;4;
87382440;BOUGIVAL;0;0;0;0;0;Pas de CAB;0;
87545178;BOURAY;0;1;0;0;0;Pas de CAB;0;
87758698;BOURG LA REINE;;;;;;;;
87682138;BOUSSY SAINT-ANTOINE;1;1;1;1;1;1;0;
87381624;BREVAL;0;1;0;0;0;Pas de CAB;0;
87758326;BRY SUR MARNE;;;;;;;;
87276063;CERNAY;1;1;1;0;0;2;0;
87545152;CHAMARANDE;0;1;0;0;0;Pas de CAB;0;
87115873;CHAMPBENOIST POIGNY;0;0;0;0;0;Pas de CAB;0;
87758177;CHAMPIGNY;;;;;;;;
87683128;CHAMPIGNY SUR YONNE;;;;;;;;
87116582;CHATEAU THIERRY;;;;;;;;
87381087;COLOMBES;1;1;1;0;1;1;1;1
87381897;CONFLANS SAINTE-HONORINE;1;1;1;0;1;2;4;
87758888;COURCELLE SUR YVETTE;;;;;;;;
87540179;DOURDAN LA FORET;0;0;0;0;0;Pas de CAB;0;
87545475;EGLY;0;1;0;0;0;Pas de CAB;0;
87116046;EMERAINVILLE - PONTAULT COMBAULT;1;1;1;0;1;1;2;
87545228;EPINAY SUR ORGE;0;1;0;0;1;Pas de CAB;0;
87271148;EPINAY SUR SEINE;0;1;1;0;1;Pas de CAB;0;
87271122;EPINAY VILLETANEUSE;1;1;0;0;1;Pas de CAB;0;
87387001;EVREUX;;;;;;;;
87758128;FONTENAY SOUS BOIS;;;;;;;;
87393439;GARANCIERES LA QUEUE;0;1;0;0;0;Pas de CAB;0;
87382259;GARCHES MARNES LA COQUETTE;1;1;1;1;1;1;2;
87393348;GAZERAN;0;0;0;1;0;Pas de CAB;0;
87116012;GRETZ ARMAINVILLIERS;0;1;0;;1;Pas de CAB;0;
87281899;HAUSSMANN SAINT-LAZARE;1;1;1;1;1;5;7;58
87393066;JAVEL;1;1;1;0;1;1;0;
87394155;JOUY;;;;;;;;
87430884;JOUY SUR MORIN MONUMENT;;;;;;;;
87271304;LA COURNEUVE AUBERVILLIERS;1;1;0;1;1;Pas de CAB;1;
87382218;LA DEFENSE GRANDE ARCHE;1;0;0;1;1;2;2;7
87758664;LAPLACE;;;;;;;;
87271395;LE BOURGET;1;1;1;1;1;2;0;1
87681395;LE BRAS DE FER - Evry Génopole;0;0;1;1;1;1;0;4
87758839;LE GUICHET;;;;;;;;
87758078;LE VESINET CENTRE;;;;;;;;
87393280;LES ESSARTS LE ROI;0;1;0;0;0;Pas de CAB;0;
87393611;LONGJUMEAU;1;1;0;0;0;Pas de CAB;0;
87758821;LOZERE;;;;;;;;
87393470;MARCHEZAIS BROUE;;;;;;;;
87382465;MARLY LE ROI;0;1;0;0;1;Pas de CAB;0;
87754994;MARNE LA VALLEE CHESSY;;;;;;;;
87116103;MEAUX;0;1;0;1;1;Pas de CAB;0;
87682005;MELUN;1;1;1;1;1;1;0;0
87381616;MENERVILLE;;;;;;;;
87276667;MERY SUR OISE;;1;0;0;0;Pas de CAB;0;
87332940;MONNERVILLE CENTRE;;;;;;;;
87684100;MONTIGNY SUR LOING;0;1;0;1;0;Pas de CAB;0;
87682278;MORET VENEUX LES SABLONS;1;1;0;0;1;Pas de CAB;0;
87116087;MORMANT;0;0;0;0;0;Pas de CAB;0;
87758037;NANTERRE UNIVERSITE;;;;;;;;
87758102;NATION;;;;;;;;
87758318;NEUILLY PLAISANCE;;;;;;;;
87334482;NEUVILLE UNIVERSITE;1;1;1;1;1;2;2;2
87381731;NEZEL AULNAY;;0;0;0;0;Pas de CAB;0;
87113746;NOGENT LE PERREUX;1;1;1;1;1;2;2;1
87758847;ORSAY VILLE;;;;;;;;
87116020;OZOIR LA FERRIERE;1;1;1;1;1;1;2;1
87113209;PANTIN;0;1;1;1;1;Pas de CAB;0;
87271486;PARC DES EXPOSITIONS;1;1;0;1;1;Pas de CAB;3;2
87686667;PARIS BERCY (GARE DE BERCY);;;;;;;;
87113001;PARIS EST (GARE DE L'EST);1;1;1;0;1;3;0;
87271031;PARIS NORD (GARE DU NORD);;;;;;;;
87381012;PEREIRE LEVALLOIS;0;1;0;1;1;2;2;1
87276469;PERSAN BEAUMONT;1;1;1;0;1;1;0;
87393652;PETIT VAUX;0;0;0;0;0;Pas de CAB;0;
87276097;PIERRELAYE;1;1;0;1;0;2;0;
87386573;POISSY;1;1;1;1;1;2;4;
87546192;PONT DE RUNGIS Aéroport d'Orly;0;1;1;0;1;Pas de CAB;0;1
87276139;PONTOISE;0;1;1;1;1;1;5;5
87758623;PORT ROYAL;;;;;;;;
87276501;PRESLES COURCELLES;1;1;0;0;0;Pas de CAB;0;
87271015;SAINT-DENIS;1;1;0;1;1;Pas de CAB;0;
87276170;SAINT-GRATIEN;;1;0;0;1;1;0;
87682294;SAINT-MAMMES;0;1;0;0;0;Pas de CAB;0;
87758151;SAINT-MAUR CRETEIL;;;;;;;;
87545202;SAINT-MICHELSUR ORGE;1;1;1;0;0;Pas de CAB;0;
87382481;SAINT-NOM LA BRETECHE FORET DE MARLY;1;1;0;1;0;Pas de CAB;2;
87116376;SAINT-REMY LA VANNE;;;;;;;;
87276386;SARCELLES SAINT-BRICE;0;1;1;0;1;1;0;
87545236;SAVIGNY SUR ORGE;0;1;0;0;1;Pas de CAB;0;
87419952;SERANS;;;;;;;;
87271445;SEVRAN BEAUDOTTES;1;1;1;1;1;1;2;3
87382341;SEVRES VILLE D'AVRAY;0;1;0;0;1;Pas de CAB;0;
87382374;SURESNES MONT VALERIEN;1;0;1;0;1;2;2;2
87116491;TRILPORT;1;1;1;1;0;Pas de CAB;0;
87381798;VAL D'ARGENTEUIL;1;1;1;1;1;2;2;2
87382861;VERSAILLES RIVE DROITE;1;0;0;0;1;1;1;1
87393157;VERSAILLES RIVE GAUCHE - CHÂTEAU DE VERSAILLES;1;1;1;0;1;1;0;
87683102;VILLENEUVE LA GUYARD;;;;;;;;
87393413;VILLEPREUX LES CLAYES;1;1;1;0;1;1;0;
87382887;VIROFLAY RIVE DROITE;0;1;0;0;1;Pas de CAB;0;
87758755;ANTONY;;;;;;;;
87381046;AVENUE HENRI MARTIN;0;1;0;1;1;1;2;2
87393116;BELLEVUE;0;1;0;0;1;Pas de CAB;0;
87381152;BOISSY L'AILLERIE;0;0;0;0;0;Pas de CAB;0;
87545731;BONNEVAL;;;;;;;;
87415893;BONNIERES;0;1;0;0;0;Pas de CAB;0;
87276444;BORAN SUR OISE;;;;;;;;
87276485;BOUFFEMONT MOISSELLES;1;1;1;1;1;Pas de CAB;0;
87545483;BREUILLETBRUYERES LE CHATEL;0;1;0;0;0;Pas de CAB;0;
87681510;BUNO GIRONVILLE;0;0;0;0;0;Pas de CAB;0;
87682450;CHAMPAGNE SUR SEINE;0;1;0;1;0;Pas de CAB;0;
87116509;CHANGIS SAINT-JEAN;0;1;0;1;0;Pas de CAB;0;
87276113;CHANTILLY GOUVIEUX;;;;;;;;
87276162;CHAPONVAL;0;0;0;0;0;Pas de CAB;0;
87381194;CHARS;0;1;0;0;0;Pas de CAB;0;
87758607;CHATELET LES HALLES;;;;;;;;
87381228;CHAUMONT EN VEXIN;;;;;;;;
87393173;CHAVILLE VELIZY;0;1;1;;1;Pas de CAB;0;
87546317;CHEMIN D'ANTONY;0;1;0;0;0;Pas de CAB;0;
87393637;CHILLY MAZARIN;0;1;1;0;0;Pas de CAB;0;
87545285;CHOISY LE ROI;1;1;1;0;1;2;3;3
87272047;COMPANS;0;0;0;0;0;Pas de CAB;0;
87116640;CROUY SUR OURCQ;0;1;0;1;0;Pas de CAB;0;
87758631;DENFERT ROCHEREAU;;;;;;;;
87684233;DORDIVES;;;;;;;;
87276147;EPLUCHES;0;0;0;0;0;Pas de CAB;0;
87381418;ERAGNY NEUVILLE;0;1;0;0;0;Pas de CAB;0;
87545137;ETAMPES;0;1;0;0;1;1;0;
87545145;ETRECHY;0;1;0;0;0;Pas de CAB;0;
87681361;EVRY - Val de Seine;0;1;0;0;0;Pas de CAB;0;
87116277;FAREMOUTIERS POMMEUSE;0;0;0;0;0;Pas de CAB;0;
87758763;FONTAINE MICHALON;;;;;;;;
87758714;FONTENAY AUX ROSES;;;;;;;;
87393405;FONTENAY LE FLEURY;1;1;1;0;0;1;0;
87276071;FRANCONVILLE LE PLESSIS BOUCHARD;1;1;1;0;1;2;0;
87113894;FREINVILLE SEVRAN (T4);0;0;0;1;1;Pas de CAB;0;
87276659;FREPILLON;0;0;0;0;0;Pas de CAB;0;
87113860;GARGAN (T4);0;0;0;1;1;Pas de CAB;0;
87381566;GARGENVILLE;0;1;0;0;0;Pas de CAB;0;
87393645;GRAVIGNY BALIZY;0;1;0;0;1;Pas de CAB;0;
87393561;IGNY;0;1;0;0;0;Pas de CAB;0;
87393074;ISSY;1;1;1;0;1;1;0;
87381558;JUZIERS;0;1;0;1;0;Pas de CAB;0;
87545459;LA NORVILLE SAINT-GERMAIN LES ARPAJON;1;1;0;0;0;Pas de CAB;0;
87116319;LAGNY THORIGNY;1;1;1;;1;1;0;1
87271478;LE BLANC MESNIL;1;1;1;1;1;1;0;2
87113522;LE CHENAY GAGNY;1;1;1;1;1;2;3;2
87681635;LE COUDRAY MONTCEAUX;0;0;0;0;0;Pas de CAB;0;
87393298;LE PERRAY;0;0;0;0;0;Pas de CAB;0;
87681627;LE PLESSIS CHENET;0;0;0;0;0;Pas de CAB;0;
87758771;LES BACONNETS;;;;;;;;
87113779;LES BOULLEREAUX CHAMPIGNY;1;1;1;1;1;1;2;2
87276527;L'ISLE ADAM PARMAIN;0;1;0;0;0;Pas de CAB;0;
87988717;LYCEE HENRI SELLIER (T4);0;0;0;1;1;Pas de CAB;0;
87684415;MALESHERBES;;;;;;;;
87545186;MAROLLES EN HUREPOIX;1;1;0;0;0;Pas de CAB;0;
87393579;MASSY PALAISEAU;1;1;1;0;1;1;0;
87381723;MAULE;0;1;0;0;0;Pas de CAB;0;
87393082;MEUDON VAL FLEURY;0;1;0;0;1;Pas de CAB;0;2
87545111;MONNERVILLE;0;0;0;0;0;Pas de CAB;0;
87381160;MONTGEROULT COURCELLES;0;0;0;0;0;Pas de CAB;0;
87276089;MONTIGNY BEAUCHAMP;0;1;0;1;1;2;3;
87116400;MONTRY CONDE;0;0;0;0;0;Pas de CAB;0;
87116558;NANTEUIL SAACY;0;1;0;1;0;Pas de CAB;0;
87381020;NEUILLY PORTE MAILLOT - Palais des Congrès;1;1;0;1;1;2;1;2
87113217;NOISY LE SEC;1;1;1;1;1;Pas de CAB;6;
87546200;ORLY VILLE;0;1;0;0;1;Pas de CAB;0;
87381145;OSNY;0;0;0;0;0;Pas de CAB;0;
87758805;PALAISEAU;;;;;;;;
87381111;PONT CARDINET;0;0;1;0;1;Pas de CAB;0;4
87393041;PONT DE L'ALMA;;1;0;1;1;Pas de CAB;0;
87393322;PONT DU GARIGLIANO - Hôpital Européen GeorgesPompidou;1;1;1;1;1;1;2;2
87276154;PONT PETIT;0;0;0;0;0;Pas de CAB;0;
87111278;PORTE DE CLICHY;1;1;0;1;1;2;2;13
87276410;PRECY SUR OISE;;;;;;;;
87988709;REMISE A JORELLE (T4);0;0;0;1;1;Pas de CAB;0;
87681338;RIS ORANGIS;1;1;0;0;1;Pas de CAB;0;
87393223;SAINT-CYR;0;1;0;0;1;Pas de CAB;0;
87116178;SAINTE-COLOMBE SEPTVEILLES;0;0;0;0;0;Pas de CAB;0;
87366922;SAINT-GERMAIN EN LAYE BEL AIR FOURQUEUX;1;1;1;1;1;Pas de CAB;2;
87683227;SAINT-JULIEN DU SAULT;;;;;;;;
87271247;SAINT-OUEN;1;1;0;0;;1;1;1
87394148;SAINT-PIAT;;;;;;;;
87381186;SANTEUIL LE PERCHAY;0;0;0;0;0;Pas de CAB;0;
87393124;SEVRES RIVE GAUCHE;0;1;0;;1;Pas de CAB;0;
87758193;SUCY BONNEUIL;;;;;;;;
87682252;THOMERY;0;0;0;0;0;Pas de CAB;0;
87758375;TORCY;;;;;;;;
87116210;TOURNAN;1;1;1;1;1;Pas de CAB;3;
87113712;VAL DE FONTENAY;0;1;0;1;0;Pas de CAB;0;4
87276626;VAUCELLES;1;0;1;0;0;Pas de CAB;0;
87116079;VERNEUIL L'ETANG;0;1;0;0;0;Pas de CAB;0;
87415604;VERNON;;;;;;;;
87276568;VIARMES;1;1;0;0;0;Pas de CAB;0;
87681304;VIGNEUX SUR SEINE;0;1;1;;1;1;0;
87271452;VILLEPINTE;1;1;1;1;1;1;0;
87545293;VITRY SUR SEINE;1;1;1;1;1;2;2;1
87682500;VOSVES;0;0;0;0;0;Pas de CAB;0;
87545269;ABLON;0;1;0;0;0;Pas de CAB;0;
87001479;AEROPORT CHARLES DE GAULLE 2 TGV - Roissy;1;1;0;1;;2;1;
87113878;ALLEE DE LA TOUR RENDEZ-VOUS (T4);0;0;0;1;1;Pas de CAB;0;
87758672;ARCUEIL CACHAN;;;;;;;;
87545467;ARPAJON;0;1;1;0;1;Pas de CAB;0;
87386730;AUBERGENVILLE ELISABETHVILLE;0;1;1;0;0;1;0;
87271411;AULNAY SOUS BOIS;1;1;0;1;1;2;0;2
87382002;BECON LESBRUYERES;0;1;0;0;0;Pas de CAB;0;2
87276642;BESSANCOURT;1;1;0;0;0;Pas de CAB;0;
87381079;BOIS COLOMBES;1;1;1;1;1;1;2;4
87758201;BOISSY SAINT-LEGER;;;;;;;;
87543181;BOULAINVILLIERS;0;1;0;1;1;Pas de CAB;2;2
87681478;BOUTIGNY;0;1;0;0;0;Pas de CAB;0;
87682120;BRUNOY;1;1;1;1;1;1;0;
87387092;BUEIL;;;;;;;;
87754986;BUSSY SAINT-GEORGES;;;;;;;;
87382655;CERGY LE HAUT;1;1;1;1;1;1;2;4
87381905;CERGY PREFECTURE;1;1;1;1;1;1;1;4
87382499;CERGY SAINT-CHRISTOPHE;1;1;1;1;1;1;2;4
87276519;CHAMPAGNE SUR OISE;1;1;0;0;0;Pas de CAB;0;
87758060;CHATOU CROISSY;;;;;;;;
87382333;CHAVILLE RIVE DROITE;0;0;1;0;1;1;2;1
87393207;CHAVILLE RIVE GAUCHE;0;1;0;0;1;Pas de CAB;0;
87116574;CHEZY SUR MARNE;;;;;;;;
87758649;CITE UNIVERSITAIRE;;;;;;;;
87391565;CLAMART;1;1;1;0;1;Pas de CAB;0;1
87381129;CLICHY LEVALLOIS;1;1;1;0;1;Pas de CAB;3;
87393272;COIGNIERES;0;1;0;1;0;Pas de CAB;0;
87381459;CONFLANS FIN D'OISE;1;1;1;;1;3;7;2
87381863;CORMEILLES EN PARISIS;1;0;0;0;1;1;0;
87116301;COULOMMIERS;0;1;0;0;1;Pas de CAB;0;
87276006;CREIL;;;;;;;;
87271536;DAMMARTIN JUILLY SAINT-MARD;;1;0;0;0;Pas de CAB;0;
87276345;DEUIL MONTMAGNY;1;1;1;0;1;Pas de CAB;0;
87276436;DOMONT;1;1;1;0;1;2;0;
87276584;ERMONT HALTE;1;1;0;0;1;Pas de CAB;0;
87684241;FERRIERES FONTENAY;;;;;;;;
87682427;FONTAINE LE PORT;0;0;0;1;0;Pas de CAB;0;
87271205;GENNEVILLIERS;0;1;0;0;1;1;2;2
87758870;GIF SUR YVETTE;;;;;;;;
87276246;GOUSSAINVILLE;1;1;0;1;1;1;0;
87276592;GROS NOYER SAINT-PRIX;1;1;0;0;1;Pas de CAB;0;
87393462;HOUDAN;0;1;0;0;1;Pas de CAB;2;
87393033;INVALIDES;0;1;1;1;1;1;3;10
87381574;ISSOU PORCHEVILLE;0;0;0;1;0;Pas de CAB;0;
87683243;JOIGNY;;;;;;;;
87758144;JOINVILLE LE PONT;;;;;;;;
87430900;JOUY SUR MORIN EUSTACHE;;;;;;;;
87271171;LA BARRE ORMESSON;1;1;1;0;1;Pas de CAB;1;
87382432;LA CELLE SAINT-CLOUD;1;1;1;0;1;Pas de CAB;0;
87116566;NOGENT L'ARTAUD CHARLY;;;;;;;;
87758359;NOISIEL;;;;;;;;
87758334;NOISY LE GRAND MONT D'EST;;;;;;;;
87393876;NOISY LE ROI;1;1;1;1;1;Pas de CAB;1;
87393447;ORGERUS BEHOUST;0;1;0;0;0;Pas de CAB;0;
87271585;ORMOY VILLERS;;;;;;;;
87276279;ORRY LA VILLE COYE LA FORET;;;;;;;;
87758813;PALAISEAU VILLEBON;;;;;;;;
87547026;PARIS AUSTERLITZ (GARE D'AUSTERLITZ);1;1;1;1;1;1;3;
87393504;PETIT JOUY LES LOGES;0;1;0;0;0;Pas de CAB;0;
87393629;PLAISIR LES CLAYES;0;1;0;0;0;1;0;
87682526;PONTHIERRY PRINGY;0;0;0;0;0;Pas de CAB;0;
87758722;ROBINSON;;;;;;;;
87431791;ROUGEMONT CHANTELOUP (T4);0;0;0;1;1;Pas de CAB;0;
87546291;RUNGIS LA FRATERNELLE;0;1;0;0;0;Pas de CAB;0;
87382358;SAINT-CLOUD;1;1;1;1;1;1;3;4
87758094;SAINT-GERMAIN EN LAYE;;;;;;;;
87785436;SAINT-MICHEL NOTRE DAME;;;;;;;;
87381426;SAINT-OUEN L'AUMONE QUARTIER DE L'EGLISE;0;1;0;0;0;Pas de CAB;0;
87758896;SAINT-REMY LES CHEVREUSE;;;;;;;;
87276188;SANNOIS;0;1;1;1;1;2;0;
87682187;SAVIGNY LE TEMPLE NANDY;1;1;1;1;1;2;0;
87272039;SEUGY;0;0;0;0;0;Pas de CAB;0;
87276634;TAVERNY;1;1;0;0;0;Pas de CAB;0;
87272054;THIEUX NANTOUILLET;0;0;0;0;0;Pas de CAB;0;
87393835;TRAPPES;1;1;1;0;1;1;0;
87381806;TRIEL SUR SEINE;0;0;0;1;0;Pas de CAB;0;
87276535;VALMONDOIS;1;1;0;0;0;Pas de CAB;0;
87391532;VANVES MALAKOFF;0;1;1;0;0;Pas de CAB;0;
87382267;VAUCRESSON;1;0;0;0;1;Pas de CAB;2;
87272021;VILLAINES;0;0;0;0;0;Pas de CAB;0;
87545277;VILLENEUVE LE ROI;0;1;0;0;1;Pas de CAB;0;
87681825;VILLENEUVE SAINT-GEORGES;1;1;1;1;0;1;0;1
87683219;VILLENEUVE SUR YONNE;;;;;;;;
87386649;VILLENNES SUR SEINE;0;1;0;0;0;Pas de CAB;0;
87271510;VILLEPARISIS MITRY LE NEUF;1;1;1;1;1;1;0;
87681312;VIRY CHATILLON;1;1;0;0;0;Pas de CAB;0;
87758748;LA CROIX DE BERNY;;;;;;;;
87758011;LA DEFENSE GRANDE ARCHE;;;;;;;;
87681452;LA FERTE ALAIS;0;1;0;0;0;Pas de CAB;0;1
87116392;LA FERTE GAUCHER;;;;;;;;
87430819;LA FERTE GAUCHER CENTRE;;;;;;;;
87682476;LA GRANDE PAROISSE;0;0;0;0;0;Pas de CAB;0;
87682179;LE MEE;1;1;1;1;1;1;0;2
87271551;LE PLESSIS BELLEVILLE;;;;;;;;
87382366;LE VAL D'OR;0;1;1;1;1;2;0;2
87492108;LES ARDOINES;0;1;0;0;0;Pas de CAB;0;
87386680;LES MUREAUX;1;1;1;0;1;2;0;
87381582;LIMAY;0;1;0;0;0;Pas de CAB;0;
87276576;LUZARCHES;1;1;1;1;1;Pas de CAB;0;
87386052;ACHERES GRAND CORMIER;0;0;0;1;0;Pas de CAB;0;
87381657;ACHERES VILLE;1;1;1;1;1;2;2;1
87543090;ANGERVILLE;0;1;0;0;0;Pas de CAB;0;
87393363;BEYNES;0;0;0;0;0;Pas de CAB;0;
87684407;BOIGNEVILLE;0;0;0;0;0;Pas de CAB;0;
87682203;BOIS LE ROI;0;1;0;0;0;Pas de CAB;0;
87684118;BOURRON MARLOTTE GREZ;0;0;0;1;0;Pas de CAB;0;
87545194;BRETIGNY;1;1;1;0;1;1;0;
87758854;BURES SUR YVETTE;;;;;;;;
87682161;CESSON;0;1;1;1;1;Pas de CAB;0;
87276030;CHAMP DE COURSES D'ENGHIEN;0;1;0;0;1;1;0;
87393058;CHAMP DE MARS TOUR EIFFEL;1;1;0;0;1;1;0;
87381475;CHANTELOUP LES VIGNES;1;1;1;0;1;Pas de CAB;0;
87758003;CHARLES DE GAULLE ETOILE;;;;;;;;
87394007;CHARTRES;;;;;;;;
87682419;CHARTRETTES;0;0;0;0;0;Pas de CAB;0;
87116350;CHAUFFRY;;;;;;;;
87116111;CHELLES GOURNAY;1;1;1;1;1;2;5;3
87681007;CORBEIL ESSONNES;1;1;1;1;0;Pas de CAB;0;
87332965;CREDIT AGRICOLE (DOMMERVILLE);;;;;;;;
87271593;CREPY EN VALOIS;;;;;;;;
87271403;DRANCY;1;1;1;1;1;1;2;2
87276022;ENGHIEN LES BAINS;1;1;1;0;1;Pas de CAB;0;
87394114;EPERNON;;;;;;;;
87386763;EPONE MEZIERES;0;1;0;0;0;Pas de CAB;0;
87276055;ERMONT EAUBONNE;1;1;1;1;1;2;4;2
87683201;ETIGNY VERON;;;;;;;;
87682211;FONTAINEBLEAU AVON;1;1;1;0;1;Pas de CAB;0;
87276196;GARGES SARCELLES;1;1;1;1;1;1;2;1
87381244;GISORS;;;;;;;;
87681353;GRAND BOURG;0;1;0;0;0;Pas de CAB;0;
87681379;GRIGNY CENTRE;1;1;1;1;1;1;2;4
87276360;GROSLAY;1;1;1;1;1;Pas de CAB;2;
87116269;GUERARD LA CELLE SUR MORIN;0;0;0;0;0;Pas de CAB;0;
87381889;HERBLAY;0;1;0;0;1;1;0;
87682435;HERICY;0;0;0;1;0;Pas de CAB;0;
87386409;HOUILLES CARRIERES SUR SEINE;1;1;1;1;1;3;4;1
87116616;ISLES ARMENTIERES CONGIS;;;;;0;;;
87393512;JOUY EN JOSAS;0;1;0;0;0;Pas de CAB;0;
87276287;LA BORNE BLANCHE;;;;;;;;
87381871;LA FRETTE MONTIGNY;0;1;0;0;0;Pas de CAB;0;
87386003;LA GARENNE COLOMBES;0;1;1;0;1;2;2;1
87113886;L'ABBAYE (T4);0;0;0;1;1;Pas de CAB;0;
87545160;LARDY;0;1;0;0;0;Pas de CAB;0;
87683268;LAROCHE MIGENNES;;;;;;;;
87758169;LE PARC DE SAINT-MAUR;;;;;;;;
87381095;LE STADE;0;0;0;0;1;Pas de CAB;0;1
87758086;LE VESINETLE PECQ;;;;;;;;
87113845;LES COQUETIERS (T4);0;0;0;1;1;Pas de CAB;0;
87113852;LES PAVILLONS SOUS BOIS (T4);0;0;0;1;1;Pas de CAB;0;
87546226;LES SAULES;0;1;0;0;0;Pas de CAB;0;
87113803;LES YVRIS - NOISY LE GRAND;0;1;0;1;1;Pas de CAB;0;2
87682153;LIEUSAINT MOISSY;1;1;1;1;1;2;3;3
87116632;LIZY SUR OURCQ;0;1;0;1;0;Pas de CAB;0;
87382457;LOUVECIENNES;0;0;0;0;1;Pas de CAB;0;
87386425;MAISONS LAFFITTE;0;1;0;1;1;1;1;2
87681486;MAISSE;0;1;0;0;0;Pas de CAB;0;
87382812;MAREIL MARLY;0;0;0;1;1;Pas de CAB;0;
87381715;MAREIL SUR MAULDRE;0;0;0;0;0;Pas de CAB;0;
87116665;MAREUIL SUR OURCQ;;;;;;;;
87116228;MARLES EN BRIE;0;1;0;0;0;Pas de CAB;0;
87381483;MAURECOURT;0;1;0;0;0;Pas de CAB;0;
87276675;MERIEL;;1;0;0;0;Pas de CAB;0;
87393892;MONTFORT L'AMAURY MERE;0;1;0;0;1;Pas de CAB;2;
87382879;MONTREUIL;0;1;0;0;1;1;0;1
87116244;MORTCERF;0;0;0;0;0;Pas de CAB;0;
87681403;MOULIN GALANT;0;1;0;0;0;Pas de CAB;0;
87116285;MOUROUX;0;0;0;0;0;Pas de CAB;0;
87547307;MUSEE D'ORSAY;1;1;0;1;1;1;0;8
87116095;NANGIS;0;1;0;0;1;Pas de CAB;0;
87758029;NANTERRE PREFECTURE;;;;;;;;
87758045;NANTERRE VILLE;;;;;;;;
87758136;NOGENT SUR MARNE;;;;;;;;
87276758;NOINTEL MOURS;1;1;0;1;0;Pas de CAB;0;
87758342;NOISY CHAMPS;;;;;;;;
87758730;PARC DE SCEAUX;;;;;;;;
87686030;PARIS GARE DE LYON;;;;;1;;;
87271163;PIERREFITTE STAINS;1;1;1;1;1;Pas de CAB;0;
87393421;PLAISIR GRIGNON;0;1;1;1;1;1;0;
87683136;PONT SUR YONNE;;;;;;;;
87116160;PROVINS;0;1;0;0;1;Pas de CAB;0;
87382382;PUTEAUX;0;1;0;1;1;Pas de CAB;0;1
87393314;RAMBOUILLET;1;1;1;0;1;1;0;
87113696;ROSNY BOIS PERRIER;1;1;1;1;1;Pas de CAB;0;
87113704;ROSNY SOUS BOIS;1;1;1;1;1;Pas de CAB;2;
87545509;SAINT-CHERON;1;1;0;0;0;Pas de CAB;0;
87382804;SAINT-GERMAIN EN LAYE GRANDE CEINTURE;1;1;0;1;1;Pas de CAB;0;
87545350;SAINT-MARTIN D'ETAMPES;0;1;0;0;0;Pas de CAB;0;
87547315;SAINT-MICHEL NOTRE DAME;0;1;1;1;1;Pas de CAB;0;
87276105;SAINT-OUEN L'AUMONE;1;1;1;1;1;2;0;
87337980;SAINT-OUEN L'AUMONE LIESSE;1;1;1;1;1;2;2;2
87386417;SARTROUVILLE;1;1;1;1;1;1;3;2
87683003;SENS;;;;;;;;
87545517;SERMAISE;0;1;0;0;1;Pas de CAB;0;
87271429;SEVRAN LIVRY;1;1;1;1;1;1;0;
87684217;SOUPPES CHÂTEAU LANDON;0;1;0;1;0;Pas de CAB;0;
87164780;STADE DE FRANCE SAINT-DENIS;1;1;1;1;1;1;2;2
87393454;TACOIGNIERES RICHEBOURG;0;1;0;0;0;Pas de CAB;0;
87381236;TRIE CHATEAU;;;;;;;;
87116293;VAIRES TORCY;1;1;1;1;1;Pas de CAB;3;2
87281873;MAGENTA;1;1;1;1;1;2;6;42
87394130;MAINTENON;;;;;;;;
87681155;MAISONS ALFORT ALFORTVILLE;0;1;0;1;1;Pas de CAB;0;
87381590;MANTES STATION;1;1;1;1;0;2;0;
87393108;MEUDON;0;1;0;0;0;Pas de CAB;0;
87682302;MONTEREAU;1;1;0;0;1;Pas de CAB;0;
87386318;NANTERRE UNIVERSITE;0;1;0;1;1;Pas de CAB;2;2
87271577;NANTEUIL LE HAUDOIN;;;;;;;;
87684126;NEMOURS SAINT-PIERRE;0;1;0;1;1;Pas de CAB;0;
87381814;VAUX SUR SEINE;0;1;0;0;0;Pas de CAB;0;
87386656;VERNOUILLET VERNEUIL;0;0;1;0;1;1;0;
87393009;VERSAILLES CHANTIERS;0;1;1;0;1;2;4;5
87271437;VERT GALANT;1;1;1;1;1;1;0;
87681619;VILLABE;0;1;1;0;0;Pas de CAB;0;
87681858;VILLENEUVE PRAIRIE;0;0;0;0;0;Pas de CAB;0;
87681809;VILLENEUVE TRIAGE;0;1;0;0;0;Pas de CAB;0;
87276220;VILLIERS LE BEL GONESSE ARNOUVILLE;0;1;0;1;1;1;0;
87393884;VILLIERS NEAUPHLE PONTCHARTRAIN;0;1;0;0;0;Pas de CAB;0;
87113795;VILLIERS SUR MARNE PLESSIS TREVISE;1;1;1;1;1;1;2;3
87545707;VOVES;;;;;;;;
87682443;VULAINES SUR SEINE SAMOREAU;0;0;0;0;0;Pas de CAB;0;
87682112;YERRES;1;1;1;;1;1;0;0
